[
  {
    "id": 1,
    "nombreProducto": "Alitas BBQ",
    "precio": "15000",
    "cantidad": "6",
    "nombreCliente": "Jorman Stiv Viafara Renteria",
    "numero": "3225697799"
  },
  {
    "id": 2,
    "nombreProducto": "Costillas BBQ",
    "precio": "16000",
    "cantidad": 6
  },
  {
    "nombreProducto": "Arepas tipo tela",
    "precio": "6000",
    "cantidad": "11",
    "id": 3
  },
  {
    "nombreProducto": "Arepas de queso",
    "precio": "8000",
    "cantidad": 8,
    "id": 4
  },
  {
    "nombreProducto": "Yogurt",
    "precio": "14000",
    "cantidad": 11,
    "id": 5
  },
  {
    "nombreProducto": "Tocineta 250g",
    "precio": "15000",
    "cantidad": "5",
    "id": 6
  },
  {
    "nombreProducto": "Salchichon cervecero",
    "precio": "15000",
    "cantidad": "10",
    "id": 7
  },
  {
    "nombreProducto": "Queso cuajada",
    "precio": "8000",
    "cantidad": "10",
    "id": 8
  }
]